<?xml version="1.0" encoding="utf-8"?>
<odoo>
    <data noupdate="1">
        <record id="ir_cron_data_link_user_to_employee" model="ir.cron">
            <field name="name">用户与员工自动关联</field>
            <field name="model_id" ref="base.model_res_users"/>
            <field name="type">ir.actions.server</field>
            <field name="state">code</field>
            <field name="code">model.link_user_to_employee()</field>
            <field name="interval_number">1</field>
            <field name="interval_type">days</field>
            <field name="numbercall">-1</field>
        </record>
    </data>
</odoo>
